{
  "gizmos-infos": {
    "is2D": true,
    "is3DIcon": false,
    "iconSize": 2,
    "gridVisible": true,
    "gridColor": [
      166,
      166,
      166,
      255
    ],
    "transformToolName": "position",
    "pivot": "pivot",
    "coordinate": "local",
    "toolsVisibility3d": true
  },
  "__version__": "1.0.0",
  "builder": {
    "taskOptionsMap": {},
    "__version__": "1.3.7"
  },
  "snap-configs": {
    "position": {
      "x": 1,
      "y": 1,
      "z": 1
    },
    "rotation": 1,
    "scale": 1,
    "isPositionSnapEnabled": false,
    "isRotationSnapEnabled": false,
    "isScaleSnapEnabled": false
  },
  "rect-snap-configs": {
    "enableSnapping": true,
    "snapThreshold": 4
  },
  "camera-infos": {
    "c77ecaa8-c936-46c4-a5b0-98692673ed87": {
      "position": {
        "x": 344.51437393413715,
        "y": 404.94339538146386,
        "z": 5000
      },
      "rotation": {
        "x": 0,
        "y": 0,
        "z": 0,
        "w": 1
      },
      "viewCenter": {
        "x": 0,
        "y": 0,
        "z": 0
      },
      "contentRect": {
        "x": 2.5905372636279775,
        "y": -202.9212031438859,
        "width": 288,
        "height": 512
      },
      "scale": 0.4211464208000329
    },
    "cfe4671b-bef7-4602-afae-3b67ee655a41": {
      "position": {
        "x": 418.1242531682525,
        "y": 531.4882757009221,
        "z": 5000
      },
      "rotation": {
        "x": 0,
        "y": 0,
        "z": 0,
        "w": 1
      },
      "viewCenter": {
        "x": 0,
        "y": 0,
        "z": 0
      },
      "contentRect": {
        "x": -229.54607971381802,
        "y": -279.0770101192948,
        "width": 404.6666666666667,
        "height": 607
      },
      "scale": 0.37596287437846426
    },
    "b95f843c-079e-46b7-a48d-cf3b1320b7e5": {
      "position": {
        "x": 231.99446069410328,
        "y": 1048.9723191182773,
        "z": 5000
      },
      "rotation": {
        "x": 0,
        "y": 0,
        "z": 0,
        "w": 1
      },
      "viewCenter": {
        "x": 0,
        "y": 0,
        "z": 0
      },
      "contentRect": {
        "x": 14.205572088646184,
        "y": 73.16496108084044,
        "width": 137.7072463768117,
        "height": 617
      },
      "scale": 0.3161484666609415
    },
    "fa890cbe-86c0-4e5a-ae6f-48886d1d3666": {
      "position": {
        "x": -204.95880913241888,
        "y": 210.37748143456443,
        "z": 5000
      },
      "rotation": {
        "x": 0,
        "y": 0,
        "z": 0,
        "w": 1
      },
      "viewCenter": {
        "x": 0,
        "y": 0,
        "z": 0
      },
      "contentRect": {
        "x": -543.9744148810314,
        "y": 41.32169936792303,
        "width": 68,
        "height": 48
      },
      "scale": 0.5234958480456675
    }
  },
  "camera-uuids": [
    "c77ecaa8-c936-46c4-a5b0-98692673ed87",
    "cfe4671b-bef7-4602-afae-3b67ee655a41",
    "b95f843c-079e-46b7-a48d-cf3b1320b7e5",
    "fa890cbe-86c0-4e5a-ae6f-48886d1d3666"
  ],
  "camera": {
    "color": [
      48,
      48,
      48,
      255
    ],
    "fov": 45,
    "far": 10000,
    "near": 0.01,
    "wheelSpeed": 0.01,
    "wanderSpeed": 10,
    "enableAcceleration": true,
    "size": "__default_design__",
    "far2D": 10000,
    "near2D": 1,
    "wheelSpeed2D": 6,
    "iso": 0,
    "aperture": 19,
    "shutter": 7
  },
  "float-window": {
    "position": {
      "cc": {
        "Camera": {
          "dock": false,
          "top": null,
          "bottom": 10,
          "left": null,
          "right": 10
        }
      }
    }
  }
}
